{
  "IsCloudStoreUrl": true,
  "StoreUrl": "https://cloud.uipath.com/iopexvbafhcj/DefaultTenant/dataservice_/entities",
  "TenantName": "DefaultTenant",
  "Entities": [
    {
      "Id": "e3880bd1-2772-ed11-9f5f-0022489f9140",
      "Name": "HATraining",
      "DisplayName": "HATraining",
      "Description": "For training",
      "CreateTime": "2022-12-02T09:58:06.493Z",
      "UpdateTime": "2022-12-02T10:02:13.38Z",
      "Fields": [
        {
          "Id": "bc0b53e9-2772-ed11-9f5f-0022489f9140",
          "Name": "Name",
          "DisplayName": "Name",
          "Description": "",
          "CreateTime": "2022-12-02T09:58:47.217Z",
          "UpdateTime": "2022-12-02T10:02:21.167Z",
          "SqlType": {
            "Name": "NVARCHAR",
            "LengthLimit": 200,
            "MaxValue": null,
            "MinValue": null,
            "DecimalPrecision": null
          },
          "IsSystemField": false,
          "IsRequired": false,
          "ReferenceEntity": null,
          "ReferenceType": "ManyToOne",
          "FieldDisplayType": "Basic",
          "ReferenceChoiceSet": null,
          "IsAttachment": false
        },
        {
          "Id": "bbbc5204-2872-ed11-9f5f-0022489f9140",
          "Name": "Phonenumber",
          "DisplayName": "Phone number",
          "Description": "",
          "CreateTime": "2022-12-02T09:59:32.523Z",
          "UpdateTime": "2022-12-02T09:59:32.523Z",
          "SqlType": {
            "Name": "DECIMAL",
            "LengthLimit": 1000,
            "MaxValue": 1000000000000.0,
            "MinValue": -1000000000000.0,
            "DecimalPrecision": 2
          },
          "IsSystemField": false,
          "IsRequired": false,
          "ReferenceEntity": null,
          "ReferenceType": "ManyToOne",
          "FieldDisplayType": "Basic",
          "ReferenceChoiceSet": null,
          "IsAttachment": false
        },
        {
          "Id": "3004b848-2872-ed11-9f5f-0022489f9140",
          "Name": "Email",
          "DisplayName": "Email",
          "Description": "",
          "CreateTime": "2022-12-02T10:01:27.253Z",
          "UpdateTime": "2022-12-02T10:01:27.253Z",
          "SqlType": {
            "Name": "NVARCHAR",
            "LengthLimit": 200,
            "MaxValue": null,
            "MinValue": null,
            "DecimalPrecision": null
          },
          "IsSystemField": false,
          "IsRequired": false,
          "ReferenceEntity": null,
          "ReferenceType": "ManyToOne",
          "FieldDisplayType": "Basic",
          "ReferenceChoiceSet": null,
          "IsAttachment": false
        },
        {
          "Id": "1f113664-2872-ed11-9f5f-0022489f9140",
          "Name": "Day",
          "DisplayName": "Day",
          "Description": "",
          "CreateTime": "2022-12-02T10:02:13.38Z",
          "UpdateTime": "2022-12-02T10:02:13.38Z",
          "SqlType": {
            "Name": "INT",
            "LengthLimit": 200,
            "MaxValue": 1000000000000.0,
            "MinValue": -1000000000000.0,
            "DecimalPrecision": null
          },
          "IsSystemField": false,
          "IsRequired": false,
          "ReferenceEntity": null,
          "ReferenceType": "ManyToOne",
          "FieldDisplayType": "ChoiceSetSingle",
          "ReferenceChoiceSet": {
            "Name": "Daysinaweek"
          },
          "IsAttachment": false
        },
        {
          "Id": "0ca14282-57ce-4ca7-a5de-241e5b86ed33",
          "Name": "UpdatedBy",
          "DisplayName": "UpdatedBy",
          "Description": "System built-in field",
          "CreateTime": "2022-12-02T09:58:06.553Z",
          "UpdateTime": "2022-12-02T09:58:06.553Z",
          "SqlType": {
            "Name": "UNIQUEIDENTIFIER",
            "LengthLimit": null,
            "MaxValue": null,
            "MinValue": null,
            "DecimalPrecision": null
          },
          "IsSystemField": true,
          "IsRequired": false,
          "ReferenceEntity": {
            "Name": "SystemUser"
          },
          "ReferenceType": "ManyToOne",
          "FieldDisplayType": "Relationship",
          "ReferenceChoiceSet": null,
          "IsAttachment": false
        },
        {
          "Id": "f453c631-5063-4e87-b1dc-3fe1e8e81be2",
          "Name": "CreateTime",
          "DisplayName": "CreateTime",
          "Description": "System built-in field",
          "CreateTime": "2022-12-02T09:58:06.553Z",
          "UpdateTime": "2022-12-02T09:58:06.553Z",
          "SqlType": {
            "Name": "DATETIMEOFFSET",
            "LengthLimit": null,
            "MaxValue": null,
            "MinValue": null,
            "DecimalPrecision": null
          },
          "IsSystemField": true,
          "IsRequired": true,
          "ReferenceEntity": null,
          "ReferenceType": "ManyToOne",
          "FieldDisplayType": "Basic",
          "ReferenceChoiceSet": null,
          "IsAttachment": false
        },
        {
          "Id": "d219bd4f-a5c5-48af-933d-6c0d8983dabe",
          "Name": "Id",
          "DisplayName": "Id",
          "Description": "System built-in field",
          "CreateTime": "2022-12-02T09:58:06.553Z",
          "UpdateTime": "2022-12-02T09:58:06.553Z",
          "SqlType": {
            "Name": "UNIQUEIDENTIFIER",
            "LengthLimit": null,
            "MaxValue": null,
            "MinValue": null,
            "DecimalPrecision": null
          },
          "IsSystemField": true,
          "IsRequired": true,
          "ReferenceEntity": null,
          "ReferenceType": "ManyToOne",
          "FieldDisplayType": "Basic",
          "ReferenceChoiceSet": null,
          "IsAttachment": false
        },
        {
          "Id": "b4de371f-0c7e-454c-b483-a62f48e83ad3",
          "Name": "CreatedBy",
          "DisplayName": "CreatedBy",
          "Description": "System built-in field",
          "CreateTime": "2022-12-02T09:58:06.553Z",
          "UpdateTime": "2022-12-02T09:58:06.553Z",
          "SqlType": {
            "Name": "UNIQUEIDENTIFIER",
            "LengthLimit": null,
            "MaxValue": null,
            "MinValue": null,
            "DecimalPrecision": null
          },
          "IsSystemField": true,
          "IsRequired": true,
          "ReferenceEntity": {
            "Name": "SystemUser"
          },
          "ReferenceType": "ManyToOne",
          "FieldDisplayType": "Relationship",
          "ReferenceChoiceSet": null,
          "IsAttachment": false
        },
        {
          "Id": "e25c888e-698d-4c9e-b5d8-ccc787c15eca",
          "Name": "UpdateTime",
          "DisplayName": "UpdateTime",
          "Description": "System built-in field",
          "CreateTime": "2022-12-02T09:58:06.553Z",
          "UpdateTime": "2022-12-02T09:58:06.553Z",
          "SqlType": {
            "Name": "DATETIMEOFFSET",
            "LengthLimit": null,
            "MaxValue": null,
            "MinValue": null,
            "DecimalPrecision": null
          },
          "IsSystemField": true,
          "IsRequired": false,
          "ReferenceEntity": null,
          "ReferenceType": "ManyToOne",
          "FieldDisplayType": "Basic",
          "ReferenceChoiceSet": null,
          "IsAttachment": false
        }
      ],
      "RecordCount": 17,
      "EntityType": "Entity"
    },
    {
      "Id": "6916eb8f-2772-ed11-9f5f-0022489f9140",
      "Name": "SystemUser",
      "DisplayName": "System Users",
      "Description": "Contains Automation Cloud users and groups that have ever had roles assigned, or accessed Data Service",
      "CreateTime": "2022-12-02T09:56:18.177Z",
      "UpdateTime": "2022-12-02T09:56:18.177Z",
      "Fields": [
        {
          "Id": "bd7d3dc7-a104-4300-8b17-011f9738d3fa",
          "Name": "Type",
          "DisplayName": "Type",
          "Description": "System built-in field",
          "CreateTime": "2022-12-02T09:56:18.233Z",
          "UpdateTime": "2022-12-02T09:56:18.233Z",
          "SqlType": {
            "Name": "INT",
            "LengthLimit": null,
            "MaxValue": 9007199254740991.0,
            "MinValue": -9007199254740991.0,
            "DecimalPrecision": null
          },
          "IsSystemField": true,
          "IsRequired": true,
          "ReferenceEntity": null,
          "ReferenceType": "ManyToOne",
          "FieldDisplayType": "ChoiceSetSingle",
          "ReferenceChoiceSet": {
            "Name": "UserType"
          },
          "IsAttachment": false
        },
        {
          "Id": "6364d086-0523-4d7e-8497-29dfaf4c4bb7",
          "Name": "CreateTime",
          "DisplayName": "CreateTime",
          "Description": "System built-in field",
          "CreateTime": "2022-12-02T09:56:18.233Z",
          "UpdateTime": "2022-12-02T09:56:18.233Z",
          "SqlType": {
            "Name": "DATETIMEOFFSET",
            "LengthLimit": null,
            "MaxValue": null,
            "MinValue": null,
            "DecimalPrecision": null
          },
          "IsSystemField": true,
          "IsRequired": true,
          "ReferenceEntity": null,
          "ReferenceType": "ManyToOne",
          "FieldDisplayType": "Basic",
          "ReferenceChoiceSet": null,
          "IsAttachment": false
        },
        {
          "Id": "dd2af537-9db0-4285-9712-8de47d263b52",
          "Name": "Email",
          "DisplayName": "E-mail",
          "Description": "System built-in field",
          "CreateTime": "2022-12-02T09:56:18.233Z",
          "UpdateTime": "2022-12-02T09:56:18.233Z",
          "SqlType": {
            "Name": "NVARCHAR",
            "LengthLimit": 512,
            "MaxValue": null,
            "MinValue": null,
            "DecimalPrecision": null
          },
          "IsSystemField": true,
          "IsRequired": false,
          "ReferenceEntity": null,
          "ReferenceType": "ManyToOne",
          "FieldDisplayType": "Basic",
          "ReferenceChoiceSet": null,
          "IsAttachment": false
        },
        {
          "Id": "314be132-5b7e-404e-9bfa-981240a32f4f",
          "Name": "IsActive",
          "DisplayName": "IsActive",
          "Description": "System built-in field",
          "CreateTime": "2022-12-02T09:56:18.233Z",
          "UpdateTime": "2022-12-02T09:56:18.233Z",
          "SqlType": {
            "Name": "BIT",
            "LengthLimit": null,
            "MaxValue": null,
            "MinValue": null,
            "DecimalPrecision": null
          },
          "IsSystemField": true,
          "IsRequired": true,
          "ReferenceEntity": null,
          "ReferenceType": "ManyToOne",
          "FieldDisplayType": "Basic",
          "ReferenceChoiceSet": null,
          "IsAttachment": false
        },
        {
          "Id": "876250c2-2f55-4a51-b027-cd8ae7693ee5",
          "Name": "Id",
          "DisplayName": "Id",
          "Description": "System built-in field",
          "CreateTime": "2022-12-02T09:56:18.233Z",
          "UpdateTime": "2022-12-02T09:56:18.233Z",
          "SqlType": {
            "Name": "UNIQUEIDENTIFIER",
            "LengthLimit": null,
            "MaxValue": null,
            "MinValue": null,
            "DecimalPrecision": null
          },
          "IsSystemField": true,
          "IsRequired": true,
          "ReferenceEntity": null,
          "ReferenceType": "ManyToOne",
          "FieldDisplayType": "Basic",
          "ReferenceChoiceSet": null,
          "IsAttachment": false
        },
        {
          "Id": "56240899-0369-46ed-9040-d6dc6343c94f",
          "Name": "UpdateTime",
          "DisplayName": "UpdateTime",
          "Description": "System built-in field",
          "CreateTime": "2022-12-02T09:56:18.233Z",
          "UpdateTime": "2022-12-02T09:56:18.233Z",
          "SqlType": {
            "Name": "DATETIMEOFFSET",
            "LengthLimit": null,
            "MaxValue": null,
            "MinValue": null,
            "DecimalPrecision": null
          },
          "IsSystemField": true,
          "IsRequired": false,
          "ReferenceEntity": null,
          "ReferenceType": "ManyToOne",
          "FieldDisplayType": "Basic",
          "ReferenceChoiceSet": null,
          "IsAttachment": false
        },
        {
          "Id": "6b43771f-5da7-4880-9e49-eee3dc3b0e95",
          "Name": "Name",
          "DisplayName": "Name",
          "Description": "System built-in field",
          "CreateTime": "2022-12-02T09:56:18.233Z",
          "UpdateTime": "2022-12-02T09:56:18.233Z",
          "SqlType": {
            "Name": "NVARCHAR",
            "LengthLimit": 512,
            "MaxValue": null,
            "MinValue": null,
            "DecimalPrecision": null
          },
          "IsSystemField": true,
          "IsRequired": true,
          "ReferenceEntity": null,
          "ReferenceType": "ManyToOne",
          "FieldDisplayType": "Basic",
          "ReferenceChoiceSet": null,
          "IsAttachment": false
        }
      ],
      "RecordCount": 10,
      "EntityType": "SystemEntity"
    },
    {
      "Id": "347d9e21-a18d-ed11-9f5f-0022489f9140",
      "Name": "TestEntity",
      "DisplayName": "Test Entity",
      "Description": "",
      "CreateTime": "2023-01-06T09:04:32.93Z",
      "UpdateTime": "2023-01-06T09:05:02.11Z",
      "Fields": [
        {
          "Id": "158c7633-a18d-ed11-9f5f-0022489f9140",
          "Name": "Ledger",
          "DisplayName": "Ledger",
          "Description": "",
          "CreateTime": "2023-01-06T09:05:02.11Z",
          "UpdateTime": "2023-01-06T09:05:02.11Z",
          "SqlType": {
            "Name": "NVARCHAR",
            "LengthLimit": 200,
            "MaxValue": null,
            "MinValue": null,
            "DecimalPrecision": null
          },
          "IsSystemField": false,
          "IsRequired": false,
          "ReferenceEntity": null,
          "ReferenceType": "ManyToOne",
          "FieldDisplayType": "Basic",
          "ReferenceChoiceSet": null,
          "IsAttachment": false
        },
        {
          "Id": "e68a33c1-1898-4167-be13-6567bcfe2a09",
          "Name": "CreateTime",
          "DisplayName": "CreateTime",
          "Description": "System built-in field",
          "CreateTime": "2023-01-06T09:04:32.987Z",
          "UpdateTime": "2023-01-06T09:04:32.987Z",
          "SqlType": {
            "Name": "DATETIMEOFFSET",
            "LengthLimit": null,
            "MaxValue": null,
            "MinValue": null,
            "DecimalPrecision": null
          },
          "IsSystemField": true,
          "IsRequired": true,
          "ReferenceEntity": null,
          "ReferenceType": "ManyToOne",
          "FieldDisplayType": "Basic",
          "ReferenceChoiceSet": null,
          "IsAttachment": false
        },
        {
          "Id": "91a0e54f-6f73-484e-b5f4-902269275c23",
          "Name": "UpdatedBy",
          "DisplayName": "UpdatedBy",
          "Description": "System built-in field",
          "CreateTime": "2023-01-06T09:04:32.987Z",
          "UpdateTime": "2023-01-06T09:04:32.987Z",
          "SqlType": {
            "Name": "UNIQUEIDENTIFIER",
            "LengthLimit": null,
            "MaxValue": null,
            "MinValue": null,
            "DecimalPrecision": null
          },
          "IsSystemField": true,
          "IsRequired": false,
          "ReferenceEntity": {
            "Name": "SystemUser"
          },
          "ReferenceType": "ManyToOne",
          "FieldDisplayType": "Relationship",
          "ReferenceChoiceSet": null,
          "IsAttachment": false
        },
        {
          "Id": "2ac07278-c330-4706-ad69-928d5b629310",
          "Name": "CreatedBy",
          "DisplayName": "CreatedBy",
          "Description": "System built-in field",
          "CreateTime": "2023-01-06T09:04:32.987Z",
          "UpdateTime": "2023-01-06T09:04:32.987Z",
          "SqlType": {
            "Name": "UNIQUEIDENTIFIER",
            "LengthLimit": null,
            "MaxValue": null,
            "MinValue": null,
            "DecimalPrecision": null
          },
          "IsSystemField": true,
          "IsRequired": true,
          "ReferenceEntity": {
            "Name": "SystemUser"
          },
          "ReferenceType": "ManyToOne",
          "FieldDisplayType": "Relationship",
          "ReferenceChoiceSet": null,
          "IsAttachment": false
        },
        {
          "Id": "50af3708-28fb-4cbc-9061-a80988b91245",
          "Name": "Id",
          "DisplayName": "Id",
          "Description": "System built-in field",
          "CreateTime": "2023-01-06T09:04:32.987Z",
          "UpdateTime": "2023-01-06T09:04:32.987Z",
          "SqlType": {
            "Name": "UNIQUEIDENTIFIER",
            "LengthLimit": null,
            "MaxValue": null,
            "MinValue": null,
            "DecimalPrecision": null
          },
          "IsSystemField": true,
          "IsRequired": true,
          "ReferenceEntity": null,
          "ReferenceType": "ManyToOne",
          "FieldDisplayType": "Basic",
          "ReferenceChoiceSet": null,
          "IsAttachment": false
        },
        {
          "Id": "dc494b48-8ec4-4596-b511-e58aadef9b4f",
          "Name": "UpdateTime",
          "DisplayName": "UpdateTime",
          "Description": "System built-in field",
          "CreateTime": "2023-01-06T09:04:32.987Z",
          "UpdateTime": "2023-01-06T09:04:32.987Z",
          "SqlType": {
            "Name": "DATETIMEOFFSET",
            "LengthLimit": null,
            "MaxValue": null,
            "MinValue": null,
            "DecimalPrecision": null
          },
          "IsSystemField": true,
          "IsRequired": false,
          "ReferenceEntity": null,
          "ReferenceType": "ManyToOne",
          "FieldDisplayType": "Basic",
          "ReferenceChoiceSet": null,
          "IsAttachment": false
        }
      ],
      "RecordCount": 1,
      "EntityType": "Entity"
    },
    {
      "Id": "34d5c55b-54c2-ed11-a8e0-0022489f904c",
      "Name": "UserForm",
      "DisplayName": "UserForm",
      "Description": "",
      "CreateTime": "2023-03-14T10:38:30.113Z",
      "UpdateTime": "2023-03-14T10:39:30.19Z",
      "Fields": [
        {
          "Id": "0bbf4d74-54c2-ed11-a8e0-0022489f904c",
          "Name": "FirstName",
          "DisplayName": "FirstName",
          "Description": "",
          "CreateTime": "2023-03-14T10:39:11.267Z",
          "UpdateTime": "2023-03-14T10:39:11.267Z",
          "SqlType": {
            "Name": "NVARCHAR",
            "LengthLimit": 200,
            "MaxValue": null,
            "MinValue": null,
            "DecimalPrecision": null
          },
          "IsSystemField": false,
          "IsRequired": false,
          "ReferenceEntity": null,
          "ReferenceType": "ManyToOne",
          "FieldDisplayType": "Basic",
          "ReferenceChoiceSet": null,
          "IsAttachment": false
        },
        {
          "Id": "0cbf4d74-54c2-ed11-a8e0-0022489f904c",
          "Name": "LastName",
          "DisplayName": "LastName",
          "Description": "",
          "CreateTime": "2023-03-14T10:39:20.983Z",
          "UpdateTime": "2023-03-14T10:39:20.983Z",
          "SqlType": {
            "Name": "NVARCHAR",
            "LengthLimit": 200,
            "MaxValue": null,
            "MinValue": null,
            "DecimalPrecision": null
          },
          "IsSystemField": false,
          "IsRequired": false,
          "ReferenceEntity": null,
          "ReferenceType": "ManyToOne",
          "FieldDisplayType": "Basic",
          "ReferenceChoiceSet": null,
          "IsAttachment": false
        },
        {
          "Id": "705d977f-54c2-ed11-a8e0-0022489f904c",
          "Name": "Email",
          "DisplayName": "Email",
          "Description": "",
          "CreateTime": "2023-03-14T10:39:30.19Z",
          "UpdateTime": "2023-03-14T10:39:30.19Z",
          "SqlType": {
            "Name": "NVARCHAR",
            "LengthLimit": 200,
            "MaxValue": null,
            "MinValue": null,
            "DecimalPrecision": null
          },
          "IsSystemField": false,
          "IsRequired": false,
          "ReferenceEntity": null,
          "ReferenceType": "ManyToOne",
          "FieldDisplayType": "Basic",
          "ReferenceChoiceSet": null,
          "IsAttachment": false
        },
        {
          "Id": "4e6f57f2-70cb-463a-9f81-7ead39692063",
          "Name": "UpdateTime",
          "DisplayName": "UpdateTime",
          "Description": "System built-in field",
          "CreateTime": "2023-03-14T10:38:30.167Z",
          "UpdateTime": "2023-03-14T10:38:30.167Z",
          "SqlType": {
            "Name": "DATETIMEOFFSET",
            "LengthLimit": null,
            "MaxValue": null,
            "MinValue": null,
            "DecimalPrecision": null
          },
          "IsSystemField": true,
          "IsRequired": false,
          "ReferenceEntity": null,
          "ReferenceType": "ManyToOne",
          "FieldDisplayType": "Basic",
          "ReferenceChoiceSet": null,
          "IsAttachment": false
        },
        {
          "Id": "1ad7115b-09bb-43f0-93e0-8a3aa1f2ae60",
          "Name": "CreateTime",
          "DisplayName": "CreateTime",
          "Description": "System built-in field",
          "CreateTime": "2023-03-14T10:38:30.167Z",
          "UpdateTime": "2023-03-14T10:38:30.167Z",
          "SqlType": {
            "Name": "DATETIMEOFFSET",
            "LengthLimit": null,
            "MaxValue": null,
            "MinValue": null,
            "DecimalPrecision": null
          },
          "IsSystemField": true,
          "IsRequired": true,
          "ReferenceEntity": null,
          "ReferenceType": "ManyToOne",
          "FieldDisplayType": "Basic",
          "ReferenceChoiceSet": null,
          "IsAttachment": false
        },
        {
          "Id": "180f96fc-9df9-43c3-b689-abec3030dd8d",
          "Name": "CreatedBy",
          "DisplayName": "CreatedBy",
          "Description": "System built-in field",
          "CreateTime": "2023-03-14T10:38:30.167Z",
          "UpdateTime": "2023-03-14T10:38:30.167Z",
          "SqlType": {
            "Name": "UNIQUEIDENTIFIER",
            "LengthLimit": null,
            "MaxValue": null,
            "MinValue": null,
            "DecimalPrecision": null
          },
          "IsSystemField": true,
          "IsRequired": true,
          "ReferenceEntity": {
            "Name": "SystemUser"
          },
          "ReferenceType": "ManyToOne",
          "FieldDisplayType": "Relationship",
          "ReferenceChoiceSet": null,
          "IsAttachment": false
        },
        {
          "Id": "7f1e7364-0245-49a8-93da-e7bc53606fe6",
          "Name": "UpdatedBy",
          "DisplayName": "UpdatedBy",
          "Description": "System built-in field",
          "CreateTime": "2023-03-14T10:38:30.167Z",
          "UpdateTime": "2023-03-14T10:38:30.167Z",
          "SqlType": {
            "Name": "UNIQUEIDENTIFIER",
            "LengthLimit": null,
            "MaxValue": null,
            "MinValue": null,
            "DecimalPrecision": null
          },
          "IsSystemField": true,
          "IsRequired": false,
          "ReferenceEntity": {
            "Name": "SystemUser"
          },
          "ReferenceType": "ManyToOne",
          "FieldDisplayType": "Relationship",
          "ReferenceChoiceSet": null,
          "IsAttachment": false
        },
        {
          "Id": "3d46e16f-c817-4eae-acd5-ff70f8f4f0c6",
          "Name": "Id",
          "DisplayName": "Id",
          "Description": "System built-in field",
          "CreateTime": "2023-03-14T10:38:30.167Z",
          "UpdateTime": "2023-03-14T10:38:30.167Z",
          "SqlType": {
            "Name": "UNIQUEIDENTIFIER",
            "LengthLimit": null,
            "MaxValue": null,
            "MinValue": null,
            "DecimalPrecision": null
          },
          "IsSystemField": true,
          "IsRequired": true,
          "ReferenceEntity": null,
          "ReferenceType": "ManyToOne",
          "FieldDisplayType": "Basic",
          "ReferenceChoiceSet": null,
          "IsAttachment": false
        }
      ],
      "RecordCount": 8,
      "EntityType": "Entity"
    }
  ],
  "Namespace": "DataServiceSyncUiPathApps",
  "EntitiesJson": "{\"entities\":[{\"name\":\"HATraining\",\"displayName\":\"HATraining\",\"entityTypeId\":0,\"entityType\":\"Entity\",\"description\":\"For training\",\"fields\":[{\"id\":\"bc0b53e9-2772-ed11-9f5f-0022489f9140\",\"name\":\"Name\",\"isPrimaryKey\":false,\"isForeignKey\":false,\"isUnique\":false,\"referenceType\":\"ManyToOne\",\"sqlType\":{\"name\":\"NVARCHAR\",\"lengthLimit\":200},\"isRequired\":false,\"displayName\":\"Name\",\"description\":\"\",\"createTime\":\"2022-12-02T09:58:47.217Z\",\"createdBy\":\"56f5483e-257e-4d5f-91e8-34aa7dea7d11\",\"updateTime\":\"2022-12-02T10:02:21.167Z\",\"updatedBy\":\"56f5483e-257e-4d5f-91e8-34aa7dea7d11\",\"isSystemField\":false,\"fieldDisplayType\":\"Basic\",\"isAttachment\":false,\"isRbacEnabled\":false},{\"id\":\"bbbc5204-2872-ed11-9f5f-0022489f9140\",\"name\":\"Phonenumber\",\"isPrimaryKey\":false,\"isForeignKey\":false,\"isUnique\":false,\"referenceType\":\"ManyToOne\",\"sqlType\":{\"name\":\"DECIMAL\",\"lengthLimit\":1000,\"maxValue\":1000000000000.0,\"minValue\":-1000000000000.0,\"decimalPrecision\":2},\"isRequired\":false,\"displayName\":\"Phone number\",\"description\":\"\",\"createTime\":\"2022-12-02T09:59:32.523Z\",\"createdBy\":\"56f5483e-257e-4d5f-91e8-34aa7dea7d11\",\"updateTime\":\"2022-12-02T09:59:32.523Z\",\"updatedBy\":\"56f5483e-257e-4d5f-91e8-34aa7dea7d11\",\"isSystemField\":false,\"fieldDisplayType\":\"Basic\",\"isAttachment\":false,\"isRbacEnabled\":false},{\"id\":\"3004b848-2872-ed11-9f5f-0022489f9140\",\"name\":\"Email\",\"isPrimaryKey\":false,\"isForeignKey\":false,\"isUnique\":false,\"referenceType\":\"ManyToOne\",\"sqlType\":{\"name\":\"NVARCHAR\",\"lengthLimit\":200},\"isRequired\":false,\"displayName\":\"Email\",\"description\":\"\",\"createTime\":\"2022-12-02T10:01:27.253Z\",\"createdBy\":\"56f5483e-257e-4d5f-91e8-34aa7dea7d11\",\"updateTime\":\"2022-12-02T10:01:27.253Z\",\"updatedBy\":\"56f5483e-257e-4d5f-91e8-34aa7dea7d11\",\"isSystemField\":false,\"fieldDisplayType\":\"Basic\",\"isAttachment\":false,\"isRbacEnabled\":false},{\"id\":\"1f113664-2872-ed11-9f5f-0022489f9140\",\"name\":\"Day\",\"isPrimaryKey\":false,\"isForeignKey\":false,\"isUnique\":false,\"referenceChoiceSet\":{\"name\":\"Daysinaweek\",\"entityTypeId\":0,\"entityType\":\"Entity\",\"isRbacEnabled\":false,\"invalidIdentifiers\":[]},\"referenceType\":\"ManyToOne\",\"sqlType\":{\"name\":\"INT\",\"lengthLimit\":200,\"maxValue\":1000000000000.0,\"minValue\":-1000000000000.0},\"isRequired\":false,\"displayName\":\"Day\",\"description\":\"\",\"createTime\":\"2022-12-02T10:02:13.38Z\",\"createdBy\":\"56f5483e-257e-4d5f-91e8-34aa7dea7d11\",\"updateTime\":\"2022-12-02T10:02:13.38Z\",\"updatedBy\":\"56f5483e-257e-4d5f-91e8-34aa7dea7d11\",\"isSystemField\":false,\"fieldDisplayType\":\"ChoiceSetSingle\",\"choiceSetId\":\"c7f6c533-2872-ed11-9f5f-0022489f9140\",\"isAttachment\":false,\"isRbacEnabled\":false},{\"id\":\"0ca14282-57ce-4ca7-a5de-241e5b86ed33\",\"name\":\"UpdatedBy\",\"isPrimaryKey\":false,\"isForeignKey\":true,\"isUnique\":false,\"referenceName\":\"fk_UpdatedBy_71ed95f5-d557-4600-b42d-72a79988056e\",\"referenceEntity\":{\"name\":\"SystemUser\",\"displayName\":\"System Users\",\"entityTypeId\":0,\"entityType\":\"Entity\",\"isRbacEnabled\":false,\"invalidIdentifiers\":[],\"id\":\"6916eb8f-2772-ed11-9f5f-0022489f9140\"},\"referenceField\":{\"id\":\"6b43771f-5da7-4880-9e49-eee3dc3b0e95\",\"definition\":{\"name\":\"Name\",\"isPrimaryKey\":false,\"isForeignKey\":false,\"isUnique\":false,\"referenceType\":\"ManyToOne\",\"sqlType\":{\"name\":\"NVARCHAR\",\"lengthLimit\":512},\"isRequired\":false,\"displayName\":\"Name\",\"createTime\":\"2023-03-14T10:49:16.9017403Z\",\"updateTime\":\"2023-03-14T10:49:16.9017403Z\",\"isSystemField\":false,\"fieldDisplayType\":\"Basic\",\"isAttachment\":false,\"isRbacEnabled\":false}},\"referenceType\":\"ManyToOne\",\"sqlType\":{\"name\":\"UNIQUEIDENTIFIER\"},\"isRequired\":false,\"displayName\":\"UpdatedBy\",\"description\":\"System built-in field\",\"createTime\":\"2022-12-02T09:58:06.553Z\",\"createdBy\":\"56f5483e-257e-4d5f-91e8-34aa7dea7d11\",\"updateTime\":\"2022-12-02T09:58:06.553Z\",\"isSystemField\":true,\"fieldDisplayType\":\"Relationship\",\"isAttachment\":false,\"isRbacEnabled\":false},{\"id\":\"f453c631-5063-4e87-b1dc-3fe1e8e81be2\",\"name\":\"CreateTime\",\"isPrimaryKey\":false,\"isForeignKey\":false,\"isUnique\":false,\"referenceType\":\"ManyToOne\",\"sqlType\":{\"name\":\"DATETIMEOFFSET\"},\"isRequired\":true,\"displayName\":\"CreateTime\",\"description\":\"System built-in field\",\"createTime\":\"2022-12-02T09:58:06.553Z\",\"createdBy\":\"56f5483e-257e-4d5f-91e8-34aa7dea7d11\",\"updateTime\":\"2022-12-02T09:58:06.553Z\",\"isSystemField\":true,\"fieldDisplayType\":\"Basic\",\"isAttachment\":false,\"isRbacEnabled\":false},{\"id\":\"d219bd4f-a5c5-48af-933d-6c0d8983dabe\",\"name\":\"Id\",\"isPrimaryKey\":true,\"isForeignKey\":false,\"isUnique\":false,\"referenceType\":\"ManyToOne\",\"sqlType\":{\"name\":\"UNIQUEIDENTIFIER\"},\"isRequired\":true,\"displayName\":\"Id\",\"description\":\"System built-in field\",\"createTime\":\"2022-12-02T09:58:06.553Z\",\"createdBy\":\"56f5483e-257e-4d5f-91e8-34aa7dea7d11\",\"updateTime\":\"2022-12-02T09:58:06.553Z\",\"isSystemField\":true,\"fieldDisplayType\":\"Basic\",\"isAttachment\":false,\"isRbacEnabled\":false},{\"id\":\"b4de371f-0c7e-454c-b483-a62f48e83ad3\",\"name\":\"CreatedBy\",\"isPrimaryKey\":false,\"isForeignKey\":true,\"isUnique\":false,\"referenceName\":\"fk_CreatedBy_789daaef-2b10-44c4-9cbb-069635b77591\",\"referenceEntity\":{\"name\":\"SystemUser\",\"displayName\":\"System Users\",\"entityTypeId\":0,\"entityType\":\"Entity\",\"isRbacEnabled\":false,\"invalidIdentifiers\":[],\"id\":\"6916eb8f-2772-ed11-9f5f-0022489f9140\"},\"referenceField\":{\"id\":\"6b43771f-5da7-4880-9e49-eee3dc3b0e95\",\"definition\":{\"name\":\"Name\",\"isPrimaryKey\":false,\"isForeignKey\":false,\"isUnique\":false,\"referenceType\":\"ManyToOne\",\"sqlType\":{\"name\":\"NVARCHAR\",\"lengthLimit\":512},\"isRequired\":false,\"displayName\":\"Name\",\"createTime\":\"2023-03-14T10:49:16.9017413Z\",\"updateTime\":\"2023-03-14T10:49:16.9017413Z\",\"isSystemField\":false,\"fieldDisplayType\":\"Basic\",\"isAttachment\":false,\"isRbacEnabled\":false}},\"referenceType\":\"ManyToOne\",\"sqlType\":{\"name\":\"UNIQUEIDENTIFIER\"},\"isRequired\":true,\"displayName\":\"CreatedBy\",\"description\":\"System built-in field\",\"createTime\":\"2022-12-02T09:58:06.553Z\",\"createdBy\":\"56f5483e-257e-4d5f-91e8-34aa7dea7d11\",\"updateTime\":\"2022-12-02T09:58:06.553Z\",\"isSystemField\":true,\"fieldDisplayType\":\"Relationship\",\"isAttachment\":false,\"isRbacEnabled\":false},{\"id\":\"e25c888e-698d-4c9e-b5d8-ccc787c15eca\",\"name\":\"UpdateTime\",\"isPrimaryKey\":false,\"isForeignKey\":false,\"isUnique\":false,\"referenceType\":\"ManyToOne\",\"sqlType\":{\"name\":\"DATETIMEOFFSET\"},\"isRequired\":false,\"displayName\":\"UpdateTime\",\"description\":\"System built-in field\",\"createTime\":\"2022-12-02T09:58:06.553Z\",\"createdBy\":\"56f5483e-257e-4d5f-91e8-34aa7dea7d11\",\"updateTime\":\"2022-12-02T09:58:06.553Z\",\"isSystemField\":true,\"fieldDisplayType\":\"Basic\",\"isAttachment\":false,\"isRbacEnabled\":false}],\"recordCount\":17,\"storageSizeInMB\":0.070312,\"usedStorageSizeInMB\":0.015625,\"isRbacEnabled\":false,\"invalidIdentifiers\":[],\"id\":\"e3880bd1-2772-ed11-9f5f-0022489f9140\",\"createdBy\":\"56f5483e-257e-4d5f-91e8-34aa7dea7d11\",\"createTime\":\"2022-12-02T09:58:06.493Z\",\"updateTime\":\"2022-12-02T10:02:13.38Z\",\"updatedBy\":\"56f5483e-257e-4d5f-91e8-34aa7dea7d11\"},{\"name\":\"SystemUser\",\"displayName\":\"System Users\",\"entityTypeId\":3,\"entityType\":\"SystemEntity\",\"description\":\"Contains Automation Cloud users and groups that have ever had roles assigned, or accessed Data Service\",\"fields\":[{\"id\":\"bd7d3dc7-a104-4300-8b17-011f9738d3fa\",\"name\":\"Type\",\"isPrimaryKey\":false,\"isForeignKey\":false,\"isUnique\":false,\"referenceChoiceSet\":{\"name\":\"UserType\",\"entityTypeId\":0,\"entityType\":\"Entity\",\"isRbacEnabled\":false,\"invalidIdentifiers\":[]},\"referenceType\":\"ManyToOne\",\"sqlType\":{\"name\":\"INT\",\"maxValue\":9007199254740991.0,\"minValue\":-9007199254740991.0},\"isRequired\":true,\"displayName\":\"Type\",\"description\":\"System built-in field\",\"createTime\":\"2022-12-02T09:56:18.233Z\",\"createdBy\":\"72bef312-5fab-460d-9717-75d06021db92\",\"updateTime\":\"2022-12-02T09:56:18.233Z\",\"isSystemField\":true,\"fieldDisplayType\":\"ChoiceSetSingle\",\"choiceSetId\":\"6216eb8f-2772-ed11-9f5f-0022489f9140\",\"isAttachment\":false,\"isRbacEnabled\":false},{\"id\":\"6364d086-0523-4d7e-8497-29dfaf4c4bb7\",\"name\":\"CreateTime\",\"isPrimaryKey\":false,\"isForeignKey\":false,\"isUnique\":false,\"referenceType\":\"ManyToOne\",\"sqlType\":{\"name\":\"DATETIMEOFFSET\"},\"isRequired\":true,\"displayName\":\"CreateTime\",\"description\":\"System built-in field\",\"createTime\":\"2022-12-02T09:56:18.233Z\",\"createdBy\":\"72bef312-5fab-460d-9717-75d06021db92\",\"updateTime\":\"2022-12-02T09:56:18.233Z\",\"isSystemField\":true,\"fieldDisplayType\":\"Basic\",\"isAttachment\":false,\"isRbacEnabled\":false},{\"id\":\"dd2af537-9db0-4285-9712-8de47d263b52\",\"name\":\"Email\",\"isPrimaryKey\":false,\"isForeignKey\":false,\"isUnique\":false,\"referenceType\":\"ManyToOne\",\"sqlType\":{\"name\":\"NVARCHAR\",\"lengthLimit\":512},\"isRequired\":false,\"displayName\":\"E-mail\",\"description\":\"System built-in field\",\"createTime\":\"2022-12-02T09:56:18.233Z\",\"createdBy\":\"72bef312-5fab-460d-9717-75d06021db92\",\"updateTime\":\"2022-12-02T09:56:18.233Z\",\"isSystemField\":true,\"fieldDisplayType\":\"Basic\",\"isAttachment\":false,\"isRbacEnabled\":false},{\"id\":\"314be132-5b7e-404e-9bfa-981240a32f4f\",\"name\":\"IsActive\",\"isPrimaryKey\":false,\"isForeignKey\":false,\"isUnique\":false,\"referenceType\":\"ManyToOne\",\"sqlType\":{\"name\":\"BIT\"},\"isRequired\":true,\"displayName\":\"IsActive\",\"description\":\"System built-in field\",\"createTime\":\"2022-12-02T09:56:18.233Z\",\"createdBy\":\"72bef312-5fab-460d-9717-75d06021db92\",\"updateTime\":\"2022-12-02T09:56:18.233Z\",\"isSystemField\":true,\"fieldDisplayType\":\"Basic\",\"isAttachment\":false,\"isRbacEnabled\":false},{\"id\":\"876250c2-2f55-4a51-b027-cd8ae7693ee5\",\"name\":\"Id\",\"isPrimaryKey\":true,\"isForeignKey\":false,\"isUnique\":false,\"referenceType\":\"ManyToOne\",\"sqlType\":{\"name\":\"UNIQUEIDENTIFIER\"},\"isRequired\":true,\"displayName\":\"Id\",\"description\":\"System built-in field\",\"createTime\":\"2022-12-02T09:56:18.233Z\",\"createdBy\":\"72bef312-5fab-460d-9717-75d06021db92\",\"updateTime\":\"2022-12-02T09:56:18.233Z\",\"isSystemField\":true,\"fieldDisplayType\":\"Basic\",\"isAttachment\":false,\"isRbacEnabled\":false},{\"id\":\"56240899-0369-46ed-9040-d6dc6343c94f\",\"name\":\"UpdateTime\",\"isPrimaryKey\":false,\"isForeignKey\":false,\"isUnique\":false,\"referenceType\":\"ManyToOne\",\"sqlType\":{\"name\":\"DATETIMEOFFSET\"},\"isRequired\":false,\"displayName\":\"UpdateTime\",\"description\":\"System built-in field\",\"createTime\":\"2022-12-02T09:56:18.233Z\",\"createdBy\":\"72bef312-5fab-460d-9717-75d06021db92\",\"updateTime\":\"2022-12-02T09:56:18.233Z\",\"isSystemField\":true,\"fieldDisplayType\":\"Basic\",\"isAttachment\":false,\"isRbacEnabled\":false},{\"id\":\"6b43771f-5da7-4880-9e49-eee3dc3b0e95\",\"name\":\"Name\",\"isPrimaryKey\":false,\"isForeignKey\":false,\"isUnique\":false,\"referenceType\":\"ManyToOne\",\"sqlType\":{\"name\":\"NVARCHAR\",\"lengthLimit\":512},\"isRequired\":true,\"displayName\":\"Name\",\"description\":\"System built-in field\",\"createTime\":\"2022-12-02T09:56:18.233Z\",\"createdBy\":\"72bef312-5fab-460d-9717-75d06021db92\",\"updateTime\":\"2022-12-02T09:56:18.233Z\",\"isSystemField\":true,\"fieldDisplayType\":\"Basic\",\"isAttachment\":false,\"isRbacEnabled\":false}],\"recordCount\":10,\"storageSizeInMB\":0.070312,\"usedStorageSizeInMB\":0.015625,\"isRbacEnabled\":false,\"invalidIdentifiers\":[],\"id\":\"6916eb8f-2772-ed11-9f5f-0022489f9140\",\"createdBy\":\"72bef312-5fab-460d-9717-75d06021db92\",\"createTime\":\"2022-12-02T09:56:18.177Z\",\"updateTime\":\"2022-12-02T09:56:18.177Z\",\"updatedBy\":\"72bef312-5fab-460d-9717-75d06021db92\"},{\"name\":\"TestEntity\",\"displayName\":\"Test Entity\",\"entityTypeId\":0,\"entityType\":\"Entity\",\"description\":\"\",\"fields\":[{\"id\":\"158c7633-a18d-ed11-9f5f-0022489f9140\",\"name\":\"Ledger\",\"isPrimaryKey\":false,\"isForeignKey\":false,\"isUnique\":false,\"referenceType\":\"ManyToOne\",\"sqlType\":{\"name\":\"NVARCHAR\",\"lengthLimit\":200},\"isRequired\":false,\"displayName\":\"Ledger\",\"description\":\"\",\"createTime\":\"2023-01-06T09:05:02.11Z\",\"createdBy\":\"56f5483e-257e-4d5f-91e8-34aa7dea7d11\",\"updateTime\":\"2023-01-06T09:05:02.11Z\",\"updatedBy\":\"56f5483e-257e-4d5f-91e8-34aa7dea7d11\",\"isSystemField\":false,\"fieldDisplayType\":\"Basic\",\"isAttachment\":false,\"isRbacEnabled\":false},{\"id\":\"e68a33c1-1898-4167-be13-6567bcfe2a09\",\"name\":\"CreateTime\",\"isPrimaryKey\":false,\"isForeignKey\":false,\"isUnique\":false,\"referenceType\":\"ManyToOne\",\"sqlType\":{\"name\":\"DATETIMEOFFSET\"},\"isRequired\":true,\"displayName\":\"CreateTime\",\"description\":\"System built-in field\",\"createTime\":\"2023-01-06T09:04:32.987Z\",\"createdBy\":\"56f5483e-257e-4d5f-91e8-34aa7dea7d11\",\"updateTime\":\"2023-01-06T09:04:32.987Z\",\"isSystemField\":true,\"fieldDisplayType\":\"Basic\",\"isAttachment\":false,\"isRbacEnabled\":false},{\"id\":\"91a0e54f-6f73-484e-b5f4-902269275c23\",\"name\":\"UpdatedBy\",\"isPrimaryKey\":false,\"isForeignKey\":true,\"isUnique\":false,\"referenceName\":\"fk_UpdatedBy_8a9a04a2-ede8-4f41-bbc6-a74daebb445e\",\"referenceEntity\":{\"name\":\"SystemUser\",\"displayName\":\"System Users\",\"entityTypeId\":0,\"entityType\":\"Entity\",\"isRbacEnabled\":false,\"invalidIdentifiers\":[],\"id\":\"6916eb8f-2772-ed11-9f5f-0022489f9140\"},\"referenceField\":{\"id\":\"6b43771f-5da7-4880-9e49-eee3dc3b0e95\",\"definition\":{\"name\":\"Name\",\"isPrimaryKey\":false,\"isForeignKey\":false,\"isUnique\":false,\"referenceType\":\"ManyToOne\",\"sqlType\":{\"name\":\"NVARCHAR\",\"lengthLimit\":512},\"isRequired\":false,\"displayName\":\"Name\",\"createTime\":\"2023-03-14T10:49:16.9017482Z\",\"updateTime\":\"2023-03-14T10:49:16.9017482Z\",\"isSystemField\":false,\"fieldDisplayType\":\"Basic\",\"isAttachment\":false,\"isRbacEnabled\":false}},\"referenceType\":\"ManyToOne\",\"sqlType\":{\"name\":\"UNIQUEIDENTIFIER\"},\"isRequired\":false,\"displayName\":\"UpdatedBy\",\"description\":\"System built-in field\",\"createTime\":\"2023-01-06T09:04:32.987Z\",\"createdBy\":\"56f5483e-257e-4d5f-91e8-34aa7dea7d11\",\"updateTime\":\"2023-01-06T09:04:32.987Z\",\"isSystemField\":true,\"fieldDisplayType\":\"Relationship\",\"isAttachment\":false,\"isRbacEnabled\":false},{\"id\":\"2ac07278-c330-4706-ad69-928d5b629310\",\"name\":\"CreatedBy\",\"isPrimaryKey\":false,\"isForeignKey\":true,\"isUnique\":false,\"referenceName\":\"fk_CreatedBy_9d082424-31e6-4c69-8df7-ead64cf153a5\",\"referenceEntity\":{\"name\":\"SystemUser\",\"displayName\":\"System Users\",\"entityTypeId\":0,\"entityType\":\"Entity\",\"isRbacEnabled\":false,\"invalidIdentifiers\":[],\"id\":\"6916eb8f-2772-ed11-9f5f-0022489f9140\"},\"referenceField\":{\"id\":\"6b43771f-5da7-4880-9e49-eee3dc3b0e95\",\"definition\":{\"name\":\"Name\",\"isPrimaryKey\":false,\"isForeignKey\":false,\"isUnique\":false,\"referenceType\":\"ManyToOne\",\"sqlType\":{\"name\":\"NVARCHAR\",\"lengthLimit\":512},\"isRequired\":false,\"displayName\":\"Name\",\"createTime\":\"2023-03-14T10:49:16.9017495Z\",\"updateTime\":\"2023-03-14T10:49:16.9017495Z\",\"isSystemField\":false,\"fieldDisplayType\":\"Basic\",\"isAttachment\":false,\"isRbacEnabled\":false}},\"referenceType\":\"ManyToOne\",\"sqlType\":{\"name\":\"UNIQUEIDENTIFIER\"},\"isRequired\":true,\"displayName\":\"CreatedBy\",\"description\":\"System built-in field\",\"createTime\":\"2023-01-06T09:04:32.987Z\",\"createdBy\":\"56f5483e-257e-4d5f-91e8-34aa7dea7d11\",\"updateTime\":\"2023-01-06T09:04:32.987Z\",\"isSystemField\":true,\"fieldDisplayType\":\"Relationship\",\"isAttachment\":false,\"isRbacEnabled\":false},{\"id\":\"50af3708-28fb-4cbc-9061-a80988b91245\",\"name\":\"Id\",\"isPrimaryKey\":true,\"isForeignKey\":false,\"isUnique\":false,\"referenceType\":\"ManyToOne\",\"sqlType\":{\"name\":\"UNIQUEIDENTIFIER\"},\"isRequired\":true,\"displayName\":\"Id\",\"description\":\"System built-in field\",\"createTime\":\"2023-01-06T09:04:32.987Z\",\"createdBy\":\"56f5483e-257e-4d5f-91e8-34aa7dea7d11\",\"updateTime\":\"2023-01-06T09:04:32.987Z\",\"isSystemField\":true,\"fieldDisplayType\":\"Basic\",\"isAttachment\":false,\"isRbacEnabled\":false},{\"id\":\"dc494b48-8ec4-4596-b511-e58aadef9b4f\",\"name\":\"UpdateTime\",\"isPrimaryKey\":false,\"isForeignKey\":false,\"isUnique\":false,\"referenceType\":\"ManyToOne\",\"sqlType\":{\"name\":\"DATETIMEOFFSET\"},\"isRequired\":false,\"displayName\":\"UpdateTime\",\"description\":\"System built-in field\",\"createTime\":\"2023-01-06T09:04:32.987Z\",\"createdBy\":\"56f5483e-257e-4d5f-91e8-34aa7dea7d11\",\"updateTime\":\"2023-01-06T09:04:32.987Z\",\"isSystemField\":true,\"fieldDisplayType\":\"Basic\",\"isAttachment\":false,\"isRbacEnabled\":false}],\"recordCount\":1,\"storageSizeInMB\":0.070312,\"usedStorageSizeInMB\":0.015625,\"isRbacEnabled\":false,\"invalidIdentifiers\":[],\"id\":\"347d9e21-a18d-ed11-9f5f-0022489f9140\",\"createdBy\":\"56f5483e-257e-4d5f-91e8-34aa7dea7d11\",\"createTime\":\"2023-01-06T09:04:32.93Z\",\"updateTime\":\"2023-01-06T09:05:02.11Z\",\"updatedBy\":\"56f5483e-257e-4d5f-91e8-34aa7dea7d11\"},{\"name\":\"UserForm\",\"displayName\":\"UserForm\",\"entityTypeId\":0,\"entityType\":\"Entity\",\"description\":\"\",\"fields\":[{\"id\":\"0bbf4d74-54c2-ed11-a8e0-0022489f904c\",\"name\":\"FirstName\",\"isPrimaryKey\":false,\"isForeignKey\":false,\"isUnique\":false,\"referenceType\":\"ManyToOne\",\"sqlType\":{\"name\":\"NVARCHAR\",\"lengthLimit\":200},\"isRequired\":false,\"displayName\":\"FirstName\",\"description\":\"\",\"createTime\":\"2023-03-14T10:39:11.267Z\",\"createdBy\":\"7f938521-b35f-4777-8ca0-4dfea9557d62\",\"updateTime\":\"2023-03-14T10:39:11.267Z\",\"updatedBy\":\"7f938521-b35f-4777-8ca0-4dfea9557d62\",\"isSystemField\":false,\"fieldDisplayType\":\"Basic\",\"isAttachment\":false,\"isRbacEnabled\":false},{\"id\":\"0cbf4d74-54c2-ed11-a8e0-0022489f904c\",\"name\":\"LastName\",\"isPrimaryKey\":false,\"isForeignKey\":false,\"isUnique\":false,\"referenceType\":\"ManyToOne\",\"sqlType\":{\"name\":\"NVARCHAR\",\"lengthLimit\":200},\"isRequired\":false,\"displayName\":\"LastName\",\"description\":\"\",\"createTime\":\"2023-03-14T10:39:20.983Z\",\"createdBy\":\"7f938521-b35f-4777-8ca0-4dfea9557d62\",\"updateTime\":\"2023-03-14T10:39:20.983Z\",\"updatedBy\":\"7f938521-b35f-4777-8ca0-4dfea9557d62\",\"isSystemField\":false,\"fieldDisplayType\":\"Basic\",\"isAttachment\":false,\"isRbacEnabled\":false},{\"id\":\"705d977f-54c2-ed11-a8e0-0022489f904c\",\"name\":\"Email\",\"isPrimaryKey\":false,\"isForeignKey\":false,\"isUnique\":false,\"referenceType\":\"ManyToOne\",\"sqlType\":{\"name\":\"NVARCHAR\",\"lengthLimit\":200},\"isRequired\":false,\"displayName\":\"Email\",\"description\":\"\",\"createTime\":\"2023-03-14T10:39:30.19Z\",\"createdBy\":\"7f938521-b35f-4777-8ca0-4dfea9557d62\",\"updateTime\":\"2023-03-14T10:39:30.19Z\",\"updatedBy\":\"7f938521-b35f-4777-8ca0-4dfea9557d62\",\"isSystemField\":false,\"fieldDisplayType\":\"Basic\",\"isAttachment\":false,\"isRbacEnabled\":false},{\"id\":\"4e6f57f2-70cb-463a-9f81-7ead39692063\",\"name\":\"UpdateTime\",\"isPrimaryKey\":false,\"isForeignKey\":false,\"isUnique\":false,\"referenceType\":\"ManyToOne\",\"sqlType\":{\"name\":\"DATETIMEOFFSET\"},\"isRequired\":false,\"displayName\":\"UpdateTime\",\"description\":\"System built-in field\",\"createTime\":\"2023-03-14T10:38:30.167Z\",\"createdBy\":\"7f938521-b35f-4777-8ca0-4dfea9557d62\",\"updateTime\":\"2023-03-14T10:38:30.167Z\",\"isSystemField\":true,\"fieldDisplayType\":\"Basic\",\"isAttachment\":false,\"isRbacEnabled\":false},{\"id\":\"1ad7115b-09bb-43f0-93e0-8a3aa1f2ae60\",\"name\":\"CreateTime\",\"isPrimaryKey\":false,\"isForeignKey\":false,\"isUnique\":false,\"referenceType\":\"ManyToOne\",\"sqlType\":{\"name\":\"DATETIMEOFFSET\"},\"isRequired\":true,\"displayName\":\"CreateTime\",\"description\":\"System built-in field\",\"createTime\":\"2023-03-14T10:38:30.167Z\",\"createdBy\":\"7f938521-b35f-4777-8ca0-4dfea9557d62\",\"updateTime\":\"2023-03-14T10:38:30.167Z\",\"isSystemField\":true,\"fieldDisplayType\":\"Basic\",\"isAttachment\":false,\"isRbacEnabled\":false},{\"id\":\"180f96fc-9df9-43c3-b689-abec3030dd8d\",\"name\":\"CreatedBy\",\"isPrimaryKey\":false,\"isForeignKey\":true,\"isUnique\":false,\"referenceName\":\"fk_CreatedBy_2c239dcc-492e-42ae-8275-f7b82d96a872\",\"referenceEntity\":{\"name\":\"SystemUser\",\"displayName\":\"System Users\",\"entityTypeId\":0,\"entityType\":\"Entity\",\"isRbacEnabled\":false,\"invalidIdentifiers\":[],\"id\":\"6916eb8f-2772-ed11-9f5f-0022489f9140\"},\"referenceField\":{\"id\":\"6b43771f-5da7-4880-9e49-eee3dc3b0e95\",\"definition\":{\"name\":\"Name\",\"isPrimaryKey\":false,\"isForeignKey\":false,\"isUnique\":false,\"referenceType\":\"ManyToOne\",\"sqlType\":{\"name\":\"NVARCHAR\",\"lengthLimit\":512},\"isRequired\":false,\"displayName\":\"Name\",\"createTime\":\"2023-03-14T10:49:16.9017531Z\",\"updateTime\":\"2023-03-14T10:49:16.9017531Z\",\"isSystemField\":false,\"fieldDisplayType\":\"Basic\",\"isAttachment\":false,\"isRbacEnabled\":false}},\"referenceType\":\"ManyToOne\",\"sqlType\":{\"name\":\"UNIQUEIDENTIFIER\"},\"isRequired\":true,\"displayName\":\"CreatedBy\",\"description\":\"System built-in field\",\"createTime\":\"2023-03-14T10:38:30.167Z\",\"createdBy\":\"7f938521-b35f-4777-8ca0-4dfea9557d62\",\"updateTime\":\"2023-03-14T10:38:30.167Z\",\"isSystemField\":true,\"fieldDisplayType\":\"Relationship\",\"isAttachment\":false,\"isRbacEnabled\":false},{\"id\":\"7f1e7364-0245-49a8-93da-e7bc53606fe6\",\"name\":\"UpdatedBy\",\"isPrimaryKey\":false,\"isForeignKey\":true,\"isUnique\":false,\"referenceName\":\"fk_UpdatedBy_06f70038-5619-4de7-b0bf-1c75d94c04c2\",\"referenceEntity\":{\"name\":\"SystemUser\",\"displayName\":\"System Users\",\"entityTypeId\":0,\"entityType\":\"Entity\",\"isRbacEnabled\":false,\"invalidIdentifiers\":[],\"id\":\"6916eb8f-2772-ed11-9f5f-0022489f9140\"},\"referenceField\":{\"id\":\"6b43771f-5da7-4880-9e49-eee3dc3b0e95\",\"definition\":{\"name\":\"Name\",\"isPrimaryKey\":false,\"isForeignKey\":false,\"isUnique\":false,\"referenceType\":\"ManyToOne\",\"sqlType\":{\"name\":\"NVARCHAR\",\"lengthLimit\":512},\"isRequired\":false,\"displayName\":\"Name\",\"createTime\":\"2023-03-14T10:49:16.901754Z\",\"updateTime\":\"2023-03-14T10:49:16.901754Z\",\"isSystemField\":false,\"fieldDisplayType\":\"Basic\",\"isAttachment\":false,\"isRbacEnabled\":false}},\"referenceType\":\"ManyToOne\",\"sqlType\":{\"name\":\"UNIQUEIDENTIFIER\"},\"isRequired\":false,\"displayName\":\"UpdatedBy\",\"description\":\"System built-in field\",\"createTime\":\"2023-03-14T10:38:30.167Z\",\"createdBy\":\"7f938521-b35f-4777-8ca0-4dfea9557d62\",\"updateTime\":\"2023-03-14T10:38:30.167Z\",\"isSystemField\":true,\"fieldDisplayType\":\"Relationship\",\"isAttachment\":false,\"isRbacEnabled\":false},{\"id\":\"3d46e16f-c817-4eae-acd5-ff70f8f4f0c6\",\"name\":\"Id\",\"isPrimaryKey\":true,\"isForeignKey\":false,\"isUnique\":false,\"referenceType\":\"ManyToOne\",\"sqlType\":{\"name\":\"UNIQUEIDENTIFIER\"},\"isRequired\":true,\"displayName\":\"Id\",\"description\":\"System built-in field\",\"createTime\":\"2023-03-14T10:38:30.167Z\",\"createdBy\":\"7f938521-b35f-4777-8ca0-4dfea9557d62\",\"updateTime\":\"2023-03-14T10:38:30.167Z\",\"isSystemField\":true,\"fieldDisplayType\":\"Basic\",\"isAttachment\":false,\"isRbacEnabled\":false}],\"recordCount\":8,\"storageSizeInMB\":0.070312,\"usedStorageSizeInMB\":0.015625,\"isRbacEnabled\":false,\"invalidIdentifiers\":[],\"id\":\"34d5c55b-54c2-ed11-a8e0-0022489f904c\",\"createdBy\":\"7f938521-b35f-4777-8ca0-4dfea9557d62\",\"createTime\":\"2023-03-14T10:38:30.113Z\",\"updateTime\":\"2023-03-14T10:39:30.19Z\",\"updatedBy\":\"7f938521-b35f-4777-8ca0-4dfea9557d62\"}],\"choicesets\":[{\"id\":\"c7f6c533-2872-ed11-9f5f-0022489f9140\",\"name\":\"Daysinaweek\",\"displayName\":\"Days in a week\",\"description\":\"\",\"createdBy\":\"56f5483e-257e-4d5f-91e8-34aa7dea7d11\",\"createTime\":\"2022-12-02T10:00:52.113Z\",\"updateTime\":\"2022-12-02T10:00:53.86Z\",\"updatedBy\":\"56f5483e-257e-4d5f-91e8-34aa7dea7d11\",\"data\":[{\"DisplayName\":\"Monday\",\"Name\":\"Monday\",\"NumberId\":0},{\"DisplayName\":\"Sunday\",\"Name\":\"Sunday\",\"NumberId\":1},{\"DisplayName\":\"Friday\",\"Name\":\"Friday\",\"NumberId\":2},{\"DisplayName\":\"Wednesday\",\"Name\":\"Wednesday\",\"NumberId\":3},{\"DisplayName\":\"Thursday\",\"Name\":\"Thursday\",\"NumberId\":4},{\"DisplayName\":\"Tuesday\",\"Name\":\"Tuesday\",\"NumberId\":5},{\"DisplayName\":\"Saturday\",\"Name\":\"Saturday\",\"NumberId\":6}]},{\"id\":\"6216eb8f-2772-ed11-9f5f-0022489f9140\",\"name\":\"UserType\",\"displayName\":\"User Type\",\"description\":\"Denotes the type of user record in the System User entity\",\"createdBy\":\"72bef312-5fab-460d-9717-75d06021db92\",\"createTime\":\"2022-12-02T09:56:17.223Z\",\"updateTime\":\"2022-12-02T09:56:17.223Z\",\"updatedBy\":\"72bef312-5fab-460d-9717-75d06021db92\",\"data\":[{\"DisplayName\":\"User\",\"Name\":\"User\",\"NumberId\":0},{\"DisplayName\":\"Group\",\"Name\":\"Group\",\"NumberId\":1},{\"DisplayName\":\"Robot\",\"Name\":\"Robot\",\"NumberId\":2},{\"DisplayName\":\"Application\",\"Name\":\"Application\",\"NumberId\":3}]}]}",
  "SelectedEntitiesNames": [
    "UserForm",
    "SystemUser"
  ]
}